event_id,category,original_source,search_terms,candidate_count,top_candidates,selected_market_id,selected_question,selected_created_date,pre_event_match,replacement_status,selection_reason
covid_crash_2020,Sovereign,Manual,covid market crash march 2020,1,s9QqUn8nyn:2025-04-11:Australian dollar at or below 0.50 USD by EOY2026?,,,,False,search_results_reviewed_manual_kept,"Search returned candidates, but none were pre-vetted as acceptable replacements."
ukraine_invasion_2022,Kinetic,Manifold,Ukraine invade before March 2022,5,"Ec5AX7QQHNOvWN8rv1l9:2022-02-22:Will Russia invade any parts of Ukraine besides Donetsk and Luhansk oblast before March 8? || NYgnfg9Ra1KM8jNwfAAu:2022-02-17:Will 'Russia invades Ukraine' trade above 75% before March? || w0d82HLfVxInDOx1w1LM:2022-02-17:Will ""Will Russia invade Ukraine before the end of February?"" resolve before March 7? || CCfqjqZmuhAoA183u6Wq:2022-02-19:Will the ground invasion of Ukraine occur during the night? || JWIjAdttyjlqiGcAwx3U:2022-02-20:Will Team A be more influential in the debate on the fate of Kyiv than Team Z?",Ec5AX7QQHNOvWN8rv1l9,Will Russia invade any parts of Ukraine besides Donetsk and Luhansk oblast before March 8?,2022-02-22,True,existing_manifold_seed,Existing Manifold market retained.
rate_hike_shock_2022,Monetary,Manual,Fed rate hike recession selloff June 2022 | S&P 500 June 2022 selloff Fed,0,,,,,False,no_manifold_match,No usable Manifold market was found with the configured search terms.
svb_contagion_2023,Sovereign,Manual,Silicon Valley Bank another bank fail March 2023 | bank run SVB March 2023,1,"OzQ1HmGeNw89a7uSdPVy:2023-03-11:Will another top 20 bank fail before June 1, 2023?",OzQ1HmGeNw89a7uSdPVy,"Will another top 20 bank fail before June 1, 2023?",2023-03-11,False,post_event_market_rejected,"A matching Manifold market exists, but it was created after the event window and was rejected."
us_debt_ceiling_2023,Sovereign,Manifold,US debt ceiling May 2023 | US debt ceiling 2023,16,"69D7abJaaEexCxQ2BOZB:2023-04-24:Will the US debt ceiling be raised by the end of May 2023? || 3szs86zpyB4QQY4zzP2S:2023-04-24:Will the US debt ceiling be raised by the end of June 2023? (M$10,000 subsidy) || 2Pd3HkJjl8jNJeaVY8uY:2023-01-06:Will the US mint a ""trillion-dollar platinum coin"" in 2023? || Y9mpPth1JfCkwGsF2vqv:2023-04-24:Will the US debt ceiling be raised by the end of July 2023? || rkqHc8LDcoTv64cRB0oI:2023-05-29:Biden/McCarthy debt ceiling deal - will there be 200 or more Yes votes in the House?",69D7abJaaEexCxQ2BOZB,Will the US debt ceiling be raised by the end of May 2023?,2023-04-24,True,existing_manifold_seed,Existing Manifold market retained.
oct_selloff_2023,Monetary,Manual,10 year treasury 5% end of 2023,1,EHCpVy2PXpeA0LdG0jEx:2023-10-09:Will the 10-year Treasury rate hit 5% by the end of 2023?,EHCpVy2PXpeA0LdG0jEx,Will the 10-year Treasury rate hit 5% by the end of 2023?,2023-10-09,True,selected_pre_event_manifold_proxy,Manual reconstruction replaced with a pre-event Manifold market recovered via search.
china_taiwan_2024,Kinetic,Manual,China Taiwan armed conflict 2024,2,UjzOb7pBZuVnZvuKzR8n:2024-01-01:[ACX 2024] Will there be 10 or more armed forces conflict deaths between China and Taiwan in 2024? || bB0Zbz10f5aqWn3JIAju:2023-04-06:Will China inspecting ships in the Taiwan strait escalate to an armed conflict before 2024?,UjzOb7pBZuVnZvuKzR8n,[ACX 2024] Will there be 10 or more armed forces conflict deaths between China and Taiwan in 2024?,2024-01-01,True,selected_pre_event_manifold_proxy,Manual reconstruction replaced with a pre-event Manifold market recovered via search.
aug_volatility_2024,Technology,Manual,August 2024 volatility spike market | yen carry trade August 2024,0,,,,,False,no_manifold_match,No usable Manifold market was found with the configured search terms.
eu_banking_contagion_2024,Sovereign,Manual,EU banking contagion November 2024 | European bank crisis 2024 | banking crisis contained,1,L5f8JDzueLshQQvWwaiI:2023-03-15:Is the banking crisis contained?,,,,False,search_results_reviewed_manual_kept,"Search returned candidates, but none were pre-vetted as acceptable replacements."
