event_id,category,search_terms,candidate_count,approved_market_id,top_market_id,top_question,category_guess,event_link_guess,pre_event_eligible,search_rank,candidate_score,status,selection_reason,rejection_reason
covid_crash_2020,Sovereign,covid market crash march 2020,0,,,,,,False,,,no_candidates,,no_candidates_found_for_event
ukraine_invasion_2022,Kinetic,Ukraine invade before March 2022,5,Ec5AX7QQHNOvWN8rv1l9,Ec5AX7QQHNOvWN8rv1l9,Will Russia invade any parts of Ukraine besides Donetsk and Luhansk oblast before March 8?,Kinetic,ukraine_invasion_2022,True,1,25.495601,approved,Bootstrap approved shortlist entry carried forward from the V3 Manifold extension.,
rate_hike_shock_2022,Monetary,Fed rate hike recession selloff June 2022 | S&P 500 June 2022 selloff Fed,0,,,,,,False,,,no_candidates,,no_candidates_found_for_event
svb_contagion_2023,Sovereign,Silicon Valley Bank another bank fail March 2023 | bank run SVB March 2023,3,,wLedWs2PNHgpQburcbVE,Will Silicon Valley Bank uninsured depositors recover 100% of their deposits within 1 year?,Sovereign,svb_contagion_2023,True,3,13.607648,pending,,requires_manual_review
us_debt_ceiling_2023,Sovereign,US debt ceiling May 2023 | US debt ceiling 2023,21,69D7abJaaEexCxQ2BOZB,69D7abJaaEexCxQ2BOZB,Will the US debt ceiling be raised by the end of May 2023?,Sovereign,us_debt_ceiling_2023,True,1,23.722302,approved,Bootstrap approved shortlist entry carried forward from the V3 Manifold extension.,
oct_selloff_2023,Monetary,10 year treasury 5% end of 2023,4,EHCpVy2PXpeA0LdG0jEx,EHCpVy2PXpeA0LdG0jEx,Will the 10-year Treasury rate hit 5% by the end of 2023?,Monetary,oct_selloff_2023,True,1,22.297829,approved,Approved pre-event Manifold proxy recovered during the V3 extension.,
china_taiwan_2024,Kinetic,China Taiwan armed conflict 2024,7,UjzOb7pBZuVnZvuKzR8n,UjzOb7pBZuVnZvuKzR8n,[ACX 2024] Will there be 10 or more armed forces conflict deaths between China and Taiwan in 2024?,Kinetic,china_taiwan_2024,True,1,23.166908,approved,Approved pre-event Manifold proxy recovered during the V3 extension.,
aug_volatility_2024,Technology,August 2024 volatility spike market | yen carry trade August 2024,0,,,,,,False,,,no_candidates,,no_candidates_found_for_event
eu_banking_contagion_2024,Sovereign,EU banking contagion November 2024 | European bank crisis 2024 | banking crisis contained,3,,L5f8JDzueLshQQvWwaiI,Is the banking crisis contained?,Sovereign,eu_banking_contagion_2024,True,1,18.141403,pending,,off_target_question_not_event_specific
